frame_id,yaw_deg,in_box_points,points_in_box_ratio,retention_vs_baseline_pct,loss_vs_baseline_pct,mean_pixel_shift_u,fov_retention_ratio
000011,0.0,721,0.19144981412639406,100.0,0.0,0.0,0.18467834524647236
000011,0.5,634,0.16834838024429102,87.93342579750347,12.066574202496525,8.014779887302618,0.18467834524647236
000011,1.0,508,0.13489113117365906,70.45769764216367,29.542302357836334,15.756035472617025,0.18473389874449095
000011,1.5,386,0.10249601699415826,53.536754507628295,46.463245492371705,23.22286707204107,0.18471538091181808
000011,2.0,269,0.07142857142857142,37.309292649098474,62.690707350901526,30.31244707175106,0.1848357468241917
000011,3.0,114,0.03027084439723845,15.811373092926493,84.18862690707351,43.60648351641795,0.1846968630791452
000004,0.0,103,1.0,100.0,0.0,0.0,0.16437021452714354
000004,0.5,97,0.941747572815534,94.1747572815534,5.825242718446603,7.314543780482476,0.16428398979099124
000004,1.0,82,0.7961165048543689,79.6116504854369,20.388349514563103,14.680099740617896,0.1641029178450714
000004,1.5,68,0.6601941747572816,66.01941747572816,33.98058252427184,22.09835635833178,0.1638528661102297
000004,2.0,56,0.5436893203883495,54.36893203883495,45.63106796116505,29.571042896664192,0.16361143684900326
000004,3.0,21,0.20388349514563106,20.388349514563107,79.6116504854369,44.686837401311216,0.16352521211285093
